{
  "retrieval_ms": 23,
  "hits": [
    {
      "score": 0.14199644387455368,
      "text": "Python was created in the early 1990s by Guido van Rossum at Stichting Mathematisch Centrum (CWI, see https://www.cwi.nl ) in the Netherlands as a successor of a language called ABC. Guido remains Pythonâs principal author, although it includes many contributions from others. In 1995, Guido continued his work on Python at the Corporation for National Research Initiatives (CNRI, see https://www.cnri.reston.va.us ) in Reston, Virginia where he released several versions of the software. In May 2000, Guido and the Python core development team moved to BeOpen.com to form the BeOpen PythonLabs team. In October of the same year, the PythonLabs team moved to Digital Creations, which became Zope Corporation. In 2001, the Python Software Foundation (PSF, see https://www.python.org/psf/ ) was forme",
      "url": "https://docs.python.org/3/license.html"
    },
    {
      "score": 0.07662580399045622,
      "text": "ter than writing code in C++. The fact that users will be able to easily mod the interface is a nice plus as well. The downside of python was that it significantly increased our build times, mostly from linking with Boost.\" -- Soren Johnson, lead designer, Civilization IV. Quoted in a Slashdot interview .",
      "url": "https://www.python.org/about/quotes/"
    },
    {
      "score": 0.07085451649612454,
      "text": "ghts to comp.lang.python . If you have an implementation, follow the Python Patch Guidelines . If you have a question are not sure where to report it, check out the WhereDoIReportThis? page. CategoryDocumentation When you are ready to write your first program, you will need a text editor or an IDE . If you don't want to use Thonny or something more advanced, then you can use IDLE , which is bundled with Python and supports extensions . This Python wiki also contains a page about Python One-Liners -- an obscure but interesting subculture in Python. Need Help? Need help with any of this? Read BeginnersGuide/Help for mailing lists and newsgroups. An interactive and free way to learn Python is to ask ChatGPT or another generative AI model for help. The Python code quality generated by AI agent",
      "url": "https://wiki.python.org/moin/BeginnersGuide"
    },
    {
      "score": 0.07028539266720694,
      "text": "l that might come in handy, a Library Reference that lists all of the modules that come standard with Python, and the Language Reference for a complete (if rather dry) explanation of Python's syntax. When you are ready to write your first program, you will need a text editor or an IDE . If you don't want to use Thonny or something more advanced, then you can use IDLE , which is bundled with Python and supports extensions . This Python wiki also contains a page about Python One-Liners -- an obscure but interesting subculture in Python. Need Help? Need help with any of this? Read BeginnersGuide/Help for mailing lists and newsgroups. An interactive and free way to learn Python is to ask ChatGPT or another generative AI model for help. The Python code quality generated by AI agents has become ",
      "url": "https://wiki.python.org/moin/BeginnersGuide"
    },
    {
      "score": 0.06986191428932575,
      "text": "hat come standard with Python, and the Language Reference for a complete (if rather dry) explanation of Python's syntax. When you are ready to write your first program, you will need a text editor or an IDE . If you don't want to use Thonny or something more advanced, then you can use IDLE , which is bundled with Python and supports extensions . This Python wiki also contains a page about Python One-Liners -- an obscure but interesting subculture in Python. Need Help? Need help with any of this? Read BeginnersGuide/Help for mailing lists and newsgroups. An interactive and free way to learn Python is to ask ChatGPT or another generative AI model for help. The Python code quality generated by AI agents has become pretty good. State-of-the-art AI models work especially well for small projects",
      "url": "https://wiki.python.org/moin/BeginnersGuide"
    }
  ],
  "answer": "not found in crawled content",
  "sources": [
    {
      "url": "https://docs.python.org/3/license.html",
      "snippet": "Python was created in the early 1990s by Guido van Rossum at Stichting Mathematisch Centrum (CWI, see https://www.cwi.nl ) in the Netherlands as a successor of a language called ABC. Guido remains Pyt"
    },
    {
      "url": "https://www.python.org/about/quotes/",
      "snippet": "ter than writing code in C++. The fact that users will be able to easily mod the interface is a nice plus as well. The downside of python was that it significantly increased our build times, mostly fr"
    },
    {
      "url": "https://wiki.python.org/moin/BeginnersGuide",
      "snippet": "ghts to comp.lang.python . If you have an implementation, follow the Python Patch Guidelines . If you have a question are not sure where to report it, check out the WhereDoIReportThis? page. CategoryD"
    }
  ],
  "generation_ms": 0,
  "timings": {
    "retrieval_ms": 23,
    "generation_ms": 0
  }
}